iter	RMSE
0	22.56715337
1	21.96920059
