iter	RMSE
0	0.2804943766
1	0.2690845386
