iter	RMSE
0	22193.28621
1	16420.54858
